,start_node,end_node,type,tho,phi
0,Node 0,Node 1,Orbital_maneuver,900.0,0.0
1,Node 0,Node 2,Phasing_maneuver,9599.999999999993,1.2965794927810368
2,Node 0,Node 3,Phasing_maneuver,12149.99999999999,1.7360736091687041
3,Node 0,Node 4,Phasing_maneuver,14999.999999999987,2.0926640286339424
4,Node 0,Node 5,Phasing_maneuver,18149.999999999993,2.388800808947666
5,Node 0,Node 18,Hohmann_transfer,93761873540.4533,7.971438265260318
6,Node 1,Node 0,Phasing_maneuver,18149.999999999993,2.388800808947666
7,Node 1,Node 2,Orbital_maneuver,900.0,0.0
8,Node 1,Node 3,Phasing_maneuver,9599.999999999993,1.2965794927810368
9,Node 1,Node 4,Phasing_maneuver,12149.99999999999,1.7360736091687041
10,Node 1,Node 5,Phasing_maneuver,14999.999999999987,2.0926640286339424
11,Node 1,Node 22,Hohmann_transfer,93761873540.4533,7.971438265260318
12,Node 2,Node 0,Phasing_maneuver,14999.999999999987,2.0926640286339424
13,Node 2,Node 1,Phasing_maneuver,18149.999999999993,2.388800808947666
14,Node 2,Node 3,Orbital_maneuver,900.0,0.0
15,Node 2,Node 4,Phasing_maneuver,9599.999999999993,1.2965794927810368
16,Node 2,Node 5,Phasing_maneuver,12149.99999999999,1.7360736091687041
17,Node 2,Node 26,Hohmann_transfer,93761873540.4533,7.971438265260318
18,Node 3,Node 0,Phasing_maneuver,12149.99999999999,1.7360736091687041
19,Node 3,Node 1,Phasing_maneuver,14999.999999999987,2.0926640286339424
20,Node 3,Node 2,Phasing_maneuver,18149.999999999993,2.388800808947666
21,Node 3,Node 4,Orbital_maneuver,900.0,0.0
22,Node 3,Node 5,Phasing_maneuver,9599.999999999993,1.2965794927810368
23,Node 3,Node 6,Hohmann_transfer,93761873540.4533,7.971438265260318
24,Node 4,Node 0,Phasing_maneuver,9599.999999999993,1.2965794927810368
25,Node 4,Node 1,Phasing_maneuver,12149.99999999999,1.7360736091687041
26,Node 4,Node 2,Phasing_maneuver,14999.999999999987,2.0926640286339424
27,Node 4,Node 3,Phasing_maneuver,18149.999999999993,2.388800808947666
28,Node 4,Node 5,Orbital_maneuver,900.0,0.0
29,Node 4,Node 10,Hohmann_transfer,93761873540.4533,7.971438265260318
30,Node 5,Node 0,Orbital_maneuver,900.0,0.0
31,Node 5,Node 1,Phasing_maneuver,9599.999999999993,1.2965794927810368
32,Node 5,Node 2,Phasing_maneuver,12149.99999999999,1.7360736091687041
33,Node 5,Node 3,Phasing_maneuver,14999.999999999987,2.0926640286339424
34,Node 5,Node 4,Phasing_maneuver,18149.999999999993,2.388800808947666
35,Node 5,Node 14,Hohmann_transfer,93761873540.4533,7.971438265260318
36,Node 6,Node 3,Hohmann_transfer,1465029274.069583,6.715312265903345
37,Node 6,Node 7,Orbital_maneuver,1800.0,0.0
38,Node 6,Node 8,Phasing_maneuver,50699.99999999997,0.19856568223405713
39,Node 6,Node 9,Phasing_maneuver,54674.999999999956,0.2869592982026834
40,Node 6,Node 10,Phasing_maneuver,58799.999999999956,0.3691807697857179
41,Node 6,Node 11,Phasing_maneuver,63074.999999999956,0.4458935853689443
42,Node 6,Node 12,Phasing_maneuver,67499.99999999996,0.5176664336479355
43,Node 6,Node 13,Phasing_maneuver,72074.99999999994,0.5849899087546593
44,Node 6,Node 14,Phasing_maneuver,76799.99999999994,0.6482897463905193
45,Node 6,Node 15,Phasing_maneuver,81674.99999999993,0.7079374142938963
46,Node 6,Node 16,Phasing_maneuver,86699.99999999994,0.7642586618981255
47,Node 6,Node 17,Phasing_maneuver,91874.99999999994,0.8175404793115977
48,Node 6,Node 18,Phasing_maneuver,97199.99999999993,0.8680368045843512
49,Node 6,Node 19,Phasing_maneuver,102674.99999999994,0.9159732372940415
50,Node 6,Node 20,Phasing_maneuver,108299.99999999991,0.9615509568480398
51,Node 6,Node 21,Phasing_maneuver,114074.99999999993,1.0049499994615658
52,Node 6,Node 22,Phasing_maneuver,119999.9999999999,1.0463320143169703
53,Node 6,Node 23,Phasing_maneuver,126074.99999999991,1.0858425939803702
54,Node 6,Node 24,Phasing_maneuver,132299.99999999988,1.1236132546501576
55,Node 6,Node 25,Phasing_maneuver,138674.99999999988,1.1597631267310522
56,Node 6,Node 26,Phasing_maneuver,145199.99999999994,1.1944004044738321
57,Node 6,Node 27,Phasing_maneuver,151874.99999999988,1.2276235941935667
58,Node 6,Node 28,Phasing_maneuver,158699.99999999988,1.2595225932850056
59,Node 6,Node 29,Phasing_maneuver,165674.99999999988,1.290179626450385
60,Node 7,Node 6,Phasing_maneuver,165674.99999999988,1.290179626450385
61,Node 7,Node 8,Orbital_maneuver,1800.0,0.0
62,Node 7,Node 9,Phasing_maneuver,50699.99999999997,0.19856568223405713
63,Node 7,Node 10,Phasing_maneuver,54674.999999999956,0.2869592982026834
64,Node 7,Node 11,Phasing_maneuver,58799.999999999956,0.3691807697857179
65,Node 7,Node 12,Phasing_maneuver,63074.999999999956,0.4458935853689443
66,Node 7,Node 13,Phasing_maneuver,67499.99999999996,0.5176664336479355
67,Node 7,Node 14,Phasing_maneuver,72074.99999999994,0.5849899087546593
68,Node 7,Node 15,Phasing_maneuver,76799.99999999994,0.6482897463905193
69,Node 7,Node 16,Phasing_maneuver,81674.99999999993,0.7079374142938963
70,Node 7,Node 17,Phasing_maneuver,86699.99999999994,0.7642586618981255
71,Node 7,Node 18,Phasing_maneuver,91874.99999999994,0.8175404793115977
72,Node 7,Node 19,Phasing_maneuver,97199.99999999993,0.8680368045843512
73,Node 7,Node 20,Phasing_maneuver,102674.99999999994,0.9159732372940415
74,Node 7,Node 21,Phasing_maneuver,108299.99999999991,0.9615509568480398
75,Node 7,Node 22,Phasing_maneuver,114074.99999999993,1.0049499994615658
76,Node 7,Node 23,Phasing_maneuver,119999.9999999999,1.0463320143169703
77,Node 7,Node 24,Phasing_maneuver,126074.99999999991,1.0858425939803702
78,Node 7,Node 25,Phasing_maneuver,132299.99999999988,1.1236132546501576
79,Node 7,Node 26,Phasing_maneuver,138674.99999999988,1.1597631267310522
80,Node 7,Node 27,Phasing_maneuver,145199.99999999994,1.1944004044738321
81,Node 7,Node 28,Phasing_maneuver,151874.99999999988,1.2276235941935667
82,Node 7,Node 29,Phasing_maneuver,158699.99999999988,1.2595225932850056
83,Node 8,Node 6,Phasing_maneuver,158699.99999999988,1.2595225932850056
84,Node 8,Node 7,Phasing_maneuver,165674.99999999988,1.290179626450385
85,Node 8,Node 9,Orbital_maneuver,1800.0,0.0
86,Node 8,Node 10,Phasing_maneuver,50699.99999999997,0.19856568223405713
87,Node 8,Node 11,Phasing_maneuver,54674.999999999956,0.2869592982026834
88,Node 8,Node 12,Phasing_maneuver,58799.999999999956,0.3691807697857179
89,Node 8,Node 13,Phasing_maneuver,63074.999999999956,0.4458935853689443
90,Node 8,Node 14,Phasing_maneuver,67499.99999999996,0.5176664336479355
91,Node 8,Node 15,Phasing_maneuver,72074.99999999994,0.5849899087546593
92,Node 8,Node 16,Phasing_maneuver,76799.99999999994,0.6482897463905193
93,Node 8,Node 17,Phasing_maneuver,81674.99999999993,0.7079374142938963
94,Node 8,Node 18,Phasing_maneuver,86699.99999999994,0.7642586618981255
95,Node 8,Node 19,Phasing_maneuver,91874.99999999994,0.8175404793115977
96,Node 8,Node 20,Phasing_maneuver,97199.99999999993,0.8680368045843512
97,Node 8,Node 21,Phasing_maneuver,102674.99999999994,0.9159732372940415
98,Node 8,Node 22,Phasing_maneuver,108299.99999999991,0.9615509568480398
99,Node 8,Node 23,Phasing_maneuver,114074.99999999993,1.0049499994615658
100,Node 8,Node 24,Phasing_maneuver,119999.9999999999,1.0463320143169703
101,Node 8,Node 25,Phasing_maneuver,126074.99999999991,1.0858425939803702
102,Node 8,Node 26,Phasing_maneuver,132299.99999999988,1.1236132546501576
103,Node 8,Node 27,Phasing_maneuver,138674.99999999988,1.1597631267310522
104,Node 8,Node 28,Phasing_maneuver,145199.99999999994,1.1944004044738321
105,Node 8,Node 29,Phasing_maneuver,151874.99999999988,1.2276235941935667
106,Node 9,Node 6,Phasing_maneuver,151874.99999999988,1.2276235941935667
107,Node 9,Node 7,Phasing_maneuver,158699.99999999988,1.2595225932850056
108,Node 9,Node 8,Phasing_maneuver,165674.99999999988,1.290179626450385
109,Node 9,Node 10,Orbital_maneuver,1800.0,0.0
110,Node 9,Node 11,Phasing_maneuver,50699.99999999997,0.19856568223405713
111,Node 9,Node 12,Phasing_maneuver,54674.999999999956,0.2869592982026834
112,Node 9,Node 13,Phasing_maneuver,58799.999999999956,0.3691807697857179
113,Node 9,Node 14,Phasing_maneuver,63074.999999999956,0.4458935853689443
114,Node 9,Node 15,Phasing_maneuver,67499.99999999996,0.5176664336479355
115,Node 9,Node 16,Phasing_maneuver,72074.99999999994,0.5849899087546593
116,Node 9,Node 17,Phasing_maneuver,76799.99999999994,0.6482897463905193
117,Node 9,Node 18,Phasing_maneuver,81674.99999999993,0.7079374142938963
118,Node 9,Node 19,Phasing_maneuver,86699.99999999994,0.7642586618981255
119,Node 9,Node 20,Phasing_maneuver,91874.99999999994,0.8175404793115977
120,Node 9,Node 21,Phasing_maneuver,97199.99999999993,0.8680368045843512
121,Node 9,Node 22,Phasing_maneuver,102674.99999999994,0.9159732372940415
122,Node 9,Node 23,Phasing_maneuver,108299.99999999991,0.9615509568480398
123,Node 9,Node 24,Phasing_maneuver,114074.99999999993,1.0049499994615658
124,Node 9,Node 25,Phasing_maneuver,119999.9999999999,1.0463320143169703
125,Node 9,Node 26,Phasing_maneuver,126074.99999999991,1.0858425939803702
126,Node 9,Node 27,Phasing_maneuver,132299.99999999988,1.1236132546501576
127,Node 9,Node 28,Phasing_maneuver,138674.99999999988,1.1597631267310522
128,Node 9,Node 29,Phasing_maneuver,145199.99999999994,1.1944004044738321
129,Node 10,Node 4,Hohmann_transfer,1465029274.069583,6.715312265903345
130,Node 10,Node 6,Phasing_maneuver,145199.99999999994,1.1944004044738321
131,Node 10,Node 7,Phasing_maneuver,151874.99999999988,1.2276235941935667
132,Node 10,Node 8,Phasing_maneuver,158699.99999999988,1.2595225932850056
133,Node 10,Node 9,Phasing_maneuver,165674.99999999988,1.290179626450385
134,Node 10,Node 11,Orbital_maneuver,1800.0,0.0
135,Node 10,Node 12,Phasing_maneuver,50699.99999999997,0.19856568223405713
136,Node 10,Node 13,Phasing_maneuver,54674.999999999956,0.2869592982026834
137,Node 10,Node 14,Phasing_maneuver,58799.999999999956,0.3691807697857179
138,Node 10,Node 15,Phasing_maneuver,63074.999999999956,0.4458935853689443
139,Node 10,Node 16,Phasing_maneuver,67499.99999999996,0.5176664336479355
140,Node 10,Node 17,Phasing_maneuver,72074.99999999994,0.5849899087546593
141,Node 10,Node 18,Phasing_maneuver,76799.99999999994,0.6482897463905193
142,Node 10,Node 19,Phasing_maneuver,81674.99999999993,0.7079374142938963
143,Node 10,Node 20,Phasing_maneuver,86699.99999999994,0.7642586618981255
144,Node 10,Node 21,Phasing_maneuver,91874.99999999994,0.8175404793115977
145,Node 10,Node 22,Phasing_maneuver,97199.99999999993,0.8680368045843512
146,Node 10,Node 23,Phasing_maneuver,102674.99999999994,0.9159732372940415
147,Node 10,Node 24,Phasing_maneuver,108299.99999999991,0.9615509568480398
148,Node 10,Node 25,Phasing_maneuver,114074.99999999993,1.0049499994615658
149,Node 10,Node 26,Phasing_maneuver,119999.9999999999,1.0463320143169703
150,Node 10,Node 27,Phasing_maneuver,126074.99999999991,1.0858425939803702
151,Node 10,Node 28,Phasing_maneuver,132299.99999999988,1.1236132546501576
152,Node 10,Node 29,Phasing_maneuver,138674.99999999988,1.1597631267310522
153,Node 11,Node 6,Phasing_maneuver,138674.99999999988,1.1597631267310522
154,Node 11,Node 7,Phasing_maneuver,145199.99999999994,1.1944004044738321
155,Node 11,Node 8,Phasing_maneuver,151874.99999999988,1.2276235941935667
156,Node 11,Node 9,Phasing_maneuver,158699.99999999988,1.2595225932850056
157,Node 11,Node 10,Phasing_maneuver,165674.99999999988,1.290179626450385
158,Node 11,Node 12,Orbital_maneuver,1800.0,0.0
159,Node 11,Node 13,Phasing_maneuver,50699.99999999997,0.19856568223405713
160,Node 11,Node 14,Phasing_maneuver,54674.999999999956,0.2869592982026834
161,Node 11,Node 15,Phasing_maneuver,58799.999999999956,0.3691807697857179
162,Node 11,Node 16,Phasing_maneuver,63074.999999999956,0.4458935853689443
163,Node 11,Node 17,Phasing_maneuver,67499.99999999996,0.5176664336479355
164,Node 11,Node 18,Phasing_maneuver,72074.99999999994,0.5849899087546593
165,Node 11,Node 19,Phasing_maneuver,76799.99999999994,0.6482897463905193
166,Node 11,Node 20,Phasing_maneuver,81674.99999999993,0.7079374142938963
167,Node 11,Node 21,Phasing_maneuver,86699.99999999994,0.7642586618981255
168,Node 11,Node 22,Phasing_maneuver,91874.99999999994,0.8175404793115977
169,Node 11,Node 23,Phasing_maneuver,97199.99999999993,0.8680368045843512
170,Node 11,Node 24,Phasing_maneuver,102674.99999999994,0.9159732372940415
171,Node 11,Node 25,Phasing_maneuver,108299.99999999991,0.9615509568480398
172,Node 11,Node 26,Phasing_maneuver,114074.99999999993,1.0049499994615658
173,Node 11,Node 27,Phasing_maneuver,119999.9999999999,1.0463320143169703
174,Node 11,Node 28,Phasing_maneuver,126074.99999999991,1.0858425939803702
175,Node 11,Node 29,Phasing_maneuver,132299.99999999988,1.1236132546501576
176,Node 12,Node 6,Phasing_maneuver,132299.99999999988,1.1236132546501576
177,Node 12,Node 7,Phasing_maneuver,138674.99999999988,1.1597631267310522
178,Node 12,Node 8,Phasing_maneuver,145199.99999999994,1.1944004044738321
179,Node 12,Node 9,Phasing_maneuver,151874.99999999988,1.2276235941935667
180,Node 12,Node 10,Phasing_maneuver,158699.99999999988,1.2595225932850056
181,Node 12,Node 11,Phasing_maneuver,165674.99999999988,1.290179626450385
182,Node 12,Node 13,Orbital_maneuver,1800.0,0.0
183,Node 12,Node 14,Phasing_maneuver,50699.99999999997,0.19856568223405713
184,Node 12,Node 15,Phasing_maneuver,54674.999999999956,0.2869592982026834
185,Node 12,Node 16,Phasing_maneuver,58799.999999999956,0.3691807697857179
186,Node 12,Node 17,Phasing_maneuver,63074.999999999956,0.4458935853689443
187,Node 12,Node 18,Phasing_maneuver,67499.99999999996,0.5176664336479355
188,Node 12,Node 19,Phasing_maneuver,72074.99999999994,0.5849899087546593
189,Node 12,Node 20,Phasing_maneuver,76799.99999999994,0.6482897463905193
190,Node 12,Node 21,Phasing_maneuver,81674.99999999993,0.7079374142938963
191,Node 12,Node 22,Phasing_maneuver,86699.99999999994,0.7642586618981255
192,Node 12,Node 23,Phasing_maneuver,91874.99999999994,0.8175404793115977
193,Node 12,Node 24,Phasing_maneuver,97199.99999999993,0.8680368045843512
194,Node 12,Node 25,Phasing_maneuver,102674.99999999994,0.9159732372940415
195,Node 12,Node 26,Phasing_maneuver,108299.99999999991,0.9615509568480398
196,Node 12,Node 27,Phasing_maneuver,114074.99999999993,1.0049499994615658
197,Node 12,Node 28,Phasing_maneuver,119999.9999999999,1.0463320143169703
198,Node 12,Node 29,Phasing_maneuver,126074.99999999991,1.0858425939803702
199,Node 13,Node 6,Phasing_maneuver,126074.99999999991,1.0858425939803702
200,Node 13,Node 7,Phasing_maneuver,132299.99999999988,1.1236132546501576
201,Node 13,Node 8,Phasing_maneuver,138674.99999999988,1.1597631267310522
202,Node 13,Node 9,Phasing_maneuver,145199.99999999994,1.1944004044738321
203,Node 13,Node 10,Phasing_maneuver,151874.99999999988,1.2276235941935667
204,Node 13,Node 11,Phasing_maneuver,158699.99999999988,1.2595225932850056
205,Node 13,Node 12,Phasing_maneuver,165674.99999999988,1.290179626450385
206,Node 13,Node 14,Orbital_maneuver,1800.0,0.0
207,Node 13,Node 15,Phasing_maneuver,50699.99999999997,0.19856568223405713
208,Node 13,Node 16,Phasing_maneuver,54674.999999999956,0.2869592982026834
209,Node 13,Node 17,Phasing_maneuver,58799.999999999956,0.3691807697857179
210,Node 13,Node 18,Phasing_maneuver,63074.999999999956,0.4458935853689443
211,Node 13,Node 19,Phasing_maneuver,67499.99999999996,0.5176664336479355
212,Node 13,Node 20,Phasing_maneuver,72074.99999999994,0.5849899087546593
213,Node 13,Node 21,Phasing_maneuver,76799.99999999994,0.6482897463905193
214,Node 13,Node 22,Phasing_maneuver,81674.99999999993,0.7079374142938963
215,Node 13,Node 23,Phasing_maneuver,86699.99999999994,0.7642586618981255
216,Node 13,Node 24,Phasing_maneuver,91874.99999999994,0.8175404793115977
217,Node 13,Node 25,Phasing_maneuver,97199.99999999993,0.8680368045843512
218,Node 13,Node 26,Phasing_maneuver,102674.99999999994,0.9159732372940415
219,Node 13,Node 27,Phasing_maneuver,108299.99999999991,0.9615509568480398
220,Node 13,Node 28,Phasing_maneuver,114074.99999999993,1.0049499994615658
221,Node 13,Node 29,Phasing_maneuver,119999.9999999999,1.0463320143169703
222,Node 14,Node 5,Hohmann_transfer,1465029274.069583,6.715312265903345
223,Node 14,Node 6,Phasing_maneuver,119999.9999999999,1.0463320143169703
224,Node 14,Node 7,Phasing_maneuver,126074.99999999991,1.0858425939803702
225,Node 14,Node 8,Phasing_maneuver,132299.99999999988,1.1236132546501576
226,Node 14,Node 9,Phasing_maneuver,138674.99999999988,1.1597631267310522
227,Node 14,Node 10,Phasing_maneuver,145199.99999999994,1.1944004044738321
228,Node 14,Node 11,Phasing_maneuver,151874.99999999988,1.2276235941935667
229,Node 14,Node 12,Phasing_maneuver,158699.99999999988,1.2595225932850056
230,Node 14,Node 13,Phasing_maneuver,165674.99999999988,1.290179626450385
231,Node 14,Node 15,Orbital_maneuver,1800.0,0.0
232,Node 14,Node 16,Phasing_maneuver,50699.99999999997,0.19856568223405713
233,Node 14,Node 17,Phasing_maneuver,54674.999999999956,0.2869592982026834
234,Node 14,Node 18,Phasing_maneuver,58799.999999999956,0.3691807697857179
235,Node 14,Node 19,Phasing_maneuver,63074.999999999956,0.4458935853689443
236,Node 14,Node 20,Phasing_maneuver,67499.99999999996,0.5176664336479355
237,Node 14,Node 21,Phasing_maneuver,72074.99999999994,0.5849899087546593
238,Node 14,Node 22,Phasing_maneuver,76799.99999999994,0.6482897463905193
239,Node 14,Node 23,Phasing_maneuver,81674.99999999993,0.7079374142938963
240,Node 14,Node 24,Phasing_maneuver,86699.99999999994,0.7642586618981255
241,Node 14,Node 25,Phasing_maneuver,91874.99999999994,0.8175404793115977
242,Node 14,Node 26,Phasing_maneuver,97199.99999999993,0.8680368045843512
243,Node 14,Node 27,Phasing_maneuver,102674.99999999994,0.9159732372940415
244,Node 14,Node 28,Phasing_maneuver,108299.99999999991,0.9615509568480398
245,Node 14,Node 29,Phasing_maneuver,114074.99999999993,1.0049499994615658
246,Node 15,Node 6,Phasing_maneuver,114074.99999999993,1.0049499994615658
247,Node 15,Node 7,Phasing_maneuver,119999.9999999999,1.0463320143169703
248,Node 15,Node 8,Phasing_maneuver,126074.99999999991,1.0858425939803702
249,Node 15,Node 9,Phasing_maneuver,132299.99999999988,1.1236132546501576
250,Node 15,Node 10,Phasing_maneuver,138674.99999999988,1.1597631267310522
251,Node 15,Node 11,Phasing_maneuver,145199.99999999994,1.1944004044738321
252,Node 15,Node 12,Phasing_maneuver,151874.99999999988,1.2276235941935667
253,Node 15,Node 13,Phasing_maneuver,158699.99999999988,1.2595225932850056
254,Node 15,Node 14,Phasing_maneuver,165674.99999999988,1.290179626450385
255,Node 15,Node 16,Orbital_maneuver,1800.0,0.0
256,Node 15,Node 17,Phasing_maneuver,50699.99999999997,0.19856568223405713
257,Node 15,Node 18,Phasing_maneuver,54674.999999999956,0.2869592982026834
258,Node 15,Node 19,Phasing_maneuver,58799.999999999956,0.3691807697857179
259,Node 15,Node 20,Phasing_maneuver,63074.999999999956,0.4458935853689443
260,Node 15,Node 21,Phasing_maneuver,67499.99999999996,0.5176664336479355
261,Node 15,Node 22,Phasing_maneuver,72074.99999999994,0.5849899087546593
262,Node 15,Node 23,Phasing_maneuver,76799.99999999994,0.6482897463905193
263,Node 15,Node 24,Phasing_maneuver,81674.99999999993,0.7079374142938963
264,Node 15,Node 25,Phasing_maneuver,86699.99999999994,0.7642586618981255
265,Node 15,Node 26,Phasing_maneuver,91874.99999999994,0.8175404793115977
266,Node 15,Node 27,Phasing_maneuver,97199.99999999993,0.8680368045843512
267,Node 15,Node 28,Phasing_maneuver,102674.99999999994,0.9159732372940415
268,Node 15,Node 29,Phasing_maneuver,108299.99999999991,0.9615509568480398
269,Node 16,Node 6,Phasing_maneuver,108299.99999999991,0.9615509568480398
270,Node 16,Node 7,Phasing_maneuver,114074.99999999993,1.0049499994615658
271,Node 16,Node 8,Phasing_maneuver,119999.9999999999,1.0463320143169703
272,Node 16,Node 9,Phasing_maneuver,126074.99999999991,1.0858425939803702
273,Node 16,Node 10,Phasing_maneuver,132299.99999999988,1.1236132546501576
274,Node 16,Node 11,Phasing_maneuver,138674.99999999988,1.1597631267310522
275,Node 16,Node 12,Phasing_maneuver,145199.99999999994,1.1944004044738321
276,Node 16,Node 13,Phasing_maneuver,151874.99999999988,1.2276235941935667
277,Node 16,Node 14,Phasing_maneuver,158699.99999999988,1.2595225932850056
278,Node 16,Node 15,Phasing_maneuver,165674.99999999988,1.290179626450385
279,Node 16,Node 17,Orbital_maneuver,1800.0,0.0
280,Node 16,Node 18,Phasing_maneuver,50699.99999999997,0.19856568223405713
281,Node 16,Node 19,Phasing_maneuver,54674.999999999956,0.2869592982026834
282,Node 16,Node 20,Phasing_maneuver,58799.999999999956,0.3691807697857179
283,Node 16,Node 21,Phasing_maneuver,63074.999999999956,0.4458935853689443
284,Node 16,Node 22,Phasing_maneuver,67499.99999999996,0.5176664336479355
285,Node 16,Node 23,Phasing_maneuver,72074.99999999994,0.5849899087546593
286,Node 16,Node 24,Phasing_maneuver,76799.99999999994,0.6482897463905193
287,Node 16,Node 25,Phasing_maneuver,81674.99999999993,0.7079374142938963
288,Node 16,Node 26,Phasing_maneuver,86699.99999999994,0.7642586618981255
289,Node 16,Node 27,Phasing_maneuver,91874.99999999994,0.8175404793115977
290,Node 16,Node 28,Phasing_maneuver,97199.99999999993,0.8680368045843512
291,Node 16,Node 29,Phasing_maneuver,102674.99999999994,0.9159732372940415
292,Node 17,Node 6,Phasing_maneuver,102674.99999999994,0.9159732372940415
293,Node 17,Node 7,Phasing_maneuver,108299.99999999991,0.9615509568480398
294,Node 17,Node 8,Phasing_maneuver,114074.99999999993,1.0049499994615658
295,Node 17,Node 9,Phasing_maneuver,119999.9999999999,1.0463320143169703
296,Node 17,Node 10,Phasing_maneuver,126074.99999999991,1.0858425939803702
297,Node 17,Node 11,Phasing_maneuver,132299.99999999988,1.1236132546501576
298,Node 17,Node 12,Phasing_maneuver,138674.99999999988,1.1597631267310522
299,Node 17,Node 13,Phasing_maneuver,145199.99999999994,1.1944004044738321
300,Node 17,Node 14,Phasing_maneuver,151874.99999999988,1.2276235941935667
301,Node 17,Node 15,Phasing_maneuver,158699.99999999988,1.2595225932850056
302,Node 17,Node 16,Phasing_maneuver,165674.99999999988,1.290179626450385
303,Node 17,Node 18,Orbital_maneuver,1800.0,0.0
304,Node 17,Node 19,Phasing_maneuver,50699.99999999997,0.19856568223405713
305,Node 17,Node 20,Phasing_maneuver,54674.999999999956,0.2869592982026834
306,Node 17,Node 21,Phasing_maneuver,58799.999999999956,0.3691807697857179
307,Node 17,Node 22,Phasing_maneuver,63074.999999999956,0.4458935853689443
308,Node 17,Node 23,Phasing_maneuver,67499.99999999996,0.5176664336479355
309,Node 17,Node 24,Phasing_maneuver,72074.99999999994,0.5849899087546593
310,Node 17,Node 25,Phasing_maneuver,76799.99999999994,0.6482897463905193
311,Node 17,Node 26,Phasing_maneuver,81674.99999999993,0.7079374142938963
312,Node 17,Node 27,Phasing_maneuver,86699.99999999994,0.7642586618981255
313,Node 17,Node 28,Phasing_maneuver,91874.99999999994,0.8175404793115977
314,Node 17,Node 29,Phasing_maneuver,97199.99999999993,0.8680368045843512
315,Node 18,Node 0,Hohmann_transfer,1465029274.069583,6.715312265903345
316,Node 18,Node 6,Phasing_maneuver,97199.99999999993,0.8680368045843512
317,Node 18,Node 7,Phasing_maneuver,102674.99999999994,0.9159732372940415
318,Node 18,Node 8,Phasing_maneuver,108299.99999999991,0.9615509568480398
319,Node 18,Node 9,Phasing_maneuver,114074.99999999993,1.0049499994615658
320,Node 18,Node 10,Phasing_maneuver,119999.9999999999,1.0463320143169703
321,Node 18,Node 11,Phasing_maneuver,126074.99999999991,1.0858425939803702
322,Node 18,Node 12,Phasing_maneuver,132299.99999999988,1.1236132546501576
323,Node 18,Node 13,Phasing_maneuver,138674.99999999988,1.1597631267310522
324,Node 18,Node 14,Phasing_maneuver,145199.99999999994,1.1944004044738321
325,Node 18,Node 15,Phasing_maneuver,151874.99999999988,1.2276235941935667
326,Node 18,Node 16,Phasing_maneuver,158699.99999999988,1.2595225932850056
327,Node 18,Node 17,Phasing_maneuver,165674.99999999988,1.290179626450385
328,Node 18,Node 19,Orbital_maneuver,1800.0,0.0
329,Node 18,Node 20,Phasing_maneuver,50699.99999999997,0.19856568223405713
330,Node 18,Node 21,Phasing_maneuver,54674.999999999956,0.2869592982026834
331,Node 18,Node 22,Phasing_maneuver,58799.999999999956,0.3691807697857179
332,Node 18,Node 23,Phasing_maneuver,63074.999999999956,0.4458935853689443
333,Node 18,Node 24,Phasing_maneuver,67499.99999999996,0.5176664336479355
334,Node 18,Node 25,Phasing_maneuver,72074.99999999994,0.5849899087546593
335,Node 18,Node 26,Phasing_maneuver,76799.99999999994,0.6482897463905193
336,Node 18,Node 27,Phasing_maneuver,81674.99999999993,0.7079374142938963
337,Node 18,Node 28,Phasing_maneuver,86699.99999999994,0.7642586618981255
338,Node 18,Node 29,Phasing_maneuver,91874.99999999994,0.8175404793115977
339,Node 19,Node 6,Phasing_maneuver,91874.99999999994,0.8175404793115977
340,Node 19,Node 7,Phasing_maneuver,97199.99999999993,0.8680368045843512
341,Node 19,Node 8,Phasing_maneuver,102674.99999999994,0.9159732372940415
342,Node 19,Node 9,Phasing_maneuver,108299.99999999991,0.9615509568480398
343,Node 19,Node 10,Phasing_maneuver,114074.99999999993,1.0049499994615658
344,Node 19,Node 11,Phasing_maneuver,119999.9999999999,1.0463320143169703
345,Node 19,Node 12,Phasing_maneuver,126074.99999999991,1.0858425939803702
346,Node 19,Node 13,Phasing_maneuver,132299.99999999988,1.1236132546501576
347,Node 19,Node 14,Phasing_maneuver,138674.99999999988,1.1597631267310522
348,Node 19,Node 15,Phasing_maneuver,145199.99999999994,1.1944004044738321
349,Node 19,Node 16,Phasing_maneuver,151874.99999999988,1.2276235941935667
350,Node 19,Node 17,Phasing_maneuver,158699.99999999988,1.2595225932850056
351,Node 19,Node 18,Phasing_maneuver,165674.99999999988,1.290179626450385
352,Node 19,Node 20,Orbital_maneuver,1800.0,0.0
353,Node 19,Node 21,Phasing_maneuver,50699.99999999997,0.19856568223405713
354,Node 19,Node 22,Phasing_maneuver,54674.999999999956,0.2869592982026834
355,Node 19,Node 23,Phasing_maneuver,58799.999999999956,0.3691807697857179
356,Node 19,Node 24,Phasing_maneuver,63074.999999999956,0.4458935853689443
357,Node 19,Node 25,Phasing_maneuver,67499.99999999996,0.5176664336479355
358,Node 19,Node 26,Phasing_maneuver,72074.99999999994,0.5849899087546593
359,Node 19,Node 27,Phasing_maneuver,76799.99999999994,0.6482897463905193
360,Node 19,Node 28,Phasing_maneuver,81674.99999999993,0.7079374142938963
361,Node 19,Node 29,Phasing_maneuver,86699.99999999994,0.7642586618981255
362,Node 20,Node 6,Phasing_maneuver,86699.99999999994,0.7642586618981255
363,Node 20,Node 7,Phasing_maneuver,91874.99999999994,0.8175404793115977
364,Node 20,Node 8,Phasing_maneuver,97199.99999999993,0.8680368045843512
365,Node 20,Node 9,Phasing_maneuver,102674.99999999994,0.9159732372940415
366,Node 20,Node 10,Phasing_maneuver,108299.99999999991,0.9615509568480398
367,Node 20,Node 11,Phasing_maneuver,114074.99999999993,1.0049499994615658
368,Node 20,Node 12,Phasing_maneuver,119999.9999999999,1.0463320143169703
369,Node 20,Node 13,Phasing_maneuver,126074.99999999991,1.0858425939803702
370,Node 20,Node 14,Phasing_maneuver,132299.99999999988,1.1236132546501576
371,Node 20,Node 15,Phasing_maneuver,138674.99999999988,1.1597631267310522
372,Node 20,Node 16,Phasing_maneuver,145199.99999999994,1.1944004044738321
373,Node 20,Node 17,Phasing_maneuver,151874.99999999988,1.2276235941935667
374,Node 20,Node 18,Phasing_maneuver,158699.99999999988,1.2595225932850056
375,Node 20,Node 19,Phasing_maneuver,165674.99999999988,1.290179626450385
376,Node 20,Node 21,Orbital_maneuver,1800.0,0.0
377,Node 20,Node 22,Phasing_maneuver,50699.99999999997,0.19856568223405713
378,Node 20,Node 23,Phasing_maneuver,54674.999999999956,0.2869592982026834
379,Node 20,Node 24,Phasing_maneuver,58799.999999999956,0.3691807697857179
380,Node 20,Node 25,Phasing_maneuver,63074.999999999956,0.4458935853689443
381,Node 20,Node 26,Phasing_maneuver,67499.99999999996,0.5176664336479355
382,Node 20,Node 27,Phasing_maneuver,72074.99999999994,0.5849899087546593
383,Node 20,Node 28,Phasing_maneuver,76799.99999999994,0.6482897463905193
384,Node 20,Node 29,Phasing_maneuver,81674.99999999993,0.7079374142938963
385,Node 21,Node 6,Phasing_maneuver,81674.99999999993,0.7079374142938963
386,Node 21,Node 7,Phasing_maneuver,86699.99999999994,0.7642586618981255
387,Node 21,Node 8,Phasing_maneuver,91874.99999999994,0.8175404793115977
388,Node 21,Node 9,Phasing_maneuver,97199.99999999993,0.8680368045843512
389,Node 21,Node 10,Phasing_maneuver,102674.99999999994,0.9159732372940415
390,Node 21,Node 11,Phasing_maneuver,108299.99999999991,0.9615509568480398
391,Node 21,Node 12,Phasing_maneuver,114074.99999999993,1.0049499994615658
392,Node 21,Node 13,Phasing_maneuver,119999.9999999999,1.0463320143169703
393,Node 21,Node 14,Phasing_maneuver,126074.99999999991,1.0858425939803702
394,Node 21,Node 15,Phasing_maneuver,132299.99999999988,1.1236132546501576
395,Node 21,Node 16,Phasing_maneuver,138674.99999999988,1.1597631267310522
396,Node 21,Node 17,Phasing_maneuver,145199.99999999994,1.1944004044738321
397,Node 21,Node 18,Phasing_maneuver,151874.99999999988,1.2276235941935667
398,Node 21,Node 19,Phasing_maneuver,158699.99999999988,1.2595225932850056
399,Node 21,Node 20,Phasing_maneuver,165674.99999999988,1.290179626450385
400,Node 21,Node 22,Orbital_maneuver,1800.0,0.0
401,Node 21,Node 23,Phasing_maneuver,50699.99999999997,0.19856568223405713
402,Node 21,Node 24,Phasing_maneuver,54674.999999999956,0.2869592982026834
403,Node 21,Node 25,Phasing_maneuver,58799.999999999956,0.3691807697857179
404,Node 21,Node 26,Phasing_maneuver,63074.999999999956,0.4458935853689443
405,Node 21,Node 27,Phasing_maneuver,67499.99999999996,0.5176664336479355
406,Node 21,Node 28,Phasing_maneuver,72074.99999999994,0.5849899087546593
407,Node 21,Node 29,Phasing_maneuver,76799.99999999994,0.6482897463905193
408,Node 22,Node 1,Hohmann_transfer,1465029274.069583,6.715312265903345
409,Node 22,Node 6,Phasing_maneuver,76799.99999999994,0.6482897463905193
410,Node 22,Node 7,Phasing_maneuver,81674.99999999993,0.7079374142938963
411,Node 22,Node 8,Phasing_maneuver,86699.99999999994,0.7642586618981255
412,Node 22,Node 9,Phasing_maneuver,91874.99999999994,0.8175404793115977
413,Node 22,Node 10,Phasing_maneuver,97199.99999999993,0.8680368045843512
414,Node 22,Node 11,Phasing_maneuver,102674.99999999994,0.9159732372940415
415,Node 22,Node 12,Phasing_maneuver,108299.99999999991,0.9615509568480398
416,Node 22,Node 13,Phasing_maneuver,114074.99999999993,1.0049499994615658
417,Node 22,Node 14,Phasing_maneuver,119999.9999999999,1.0463320143169703
418,Node 22,Node 15,Phasing_maneuver,126074.99999999991,1.0858425939803702
419,Node 22,Node 16,Phasing_maneuver,132299.99999999988,1.1236132546501576
420,Node 22,Node 17,Phasing_maneuver,138674.99999999988,1.1597631267310522
421,Node 22,Node 18,Phasing_maneuver,145199.99999999994,1.1944004044738321
422,Node 22,Node 19,Phasing_maneuver,151874.99999999988,1.2276235941935667
423,Node 22,Node 20,Phasing_maneuver,158699.99999999988,1.2595225932850056
424,Node 22,Node 21,Phasing_maneuver,165674.99999999988,1.290179626450385
425,Node 22,Node 23,Orbital_maneuver,1800.0,0.0
426,Node 22,Node 24,Phasing_maneuver,50699.99999999997,0.19856568223405713
427,Node 22,Node 25,Phasing_maneuver,54674.999999999956,0.2869592982026834
428,Node 22,Node 26,Phasing_maneuver,58799.999999999956,0.3691807697857179
429,Node 22,Node 27,Phasing_maneuver,63074.999999999956,0.4458935853689443
430,Node 22,Node 28,Phasing_maneuver,67499.99999999996,0.5176664336479355
431,Node 22,Node 29,Phasing_maneuver,72074.99999999994,0.5849899087546593
432,Node 23,Node 6,Phasing_maneuver,72074.99999999994,0.5849899087546593
433,Node 23,Node 7,Phasing_maneuver,76799.99999999994,0.6482897463905193
434,Node 23,Node 8,Phasing_maneuver,81674.99999999993,0.7079374142938963
435,Node 23,Node 9,Phasing_maneuver,86699.99999999994,0.7642586618981255
436,Node 23,Node 10,Phasing_maneuver,91874.99999999994,0.8175404793115977
437,Node 23,Node 11,Phasing_maneuver,97199.99999999993,0.8680368045843512
438,Node 23,Node 12,Phasing_maneuver,102674.99999999994,0.9159732372940415
439,Node 23,Node 13,Phasing_maneuver,108299.99999999991,0.9615509568480398
440,Node 23,Node 14,Phasing_maneuver,114074.99999999993,1.0049499994615658
441,Node 23,Node 15,Phasing_maneuver,119999.9999999999,1.0463320143169703
442,Node 23,Node 16,Phasing_maneuver,126074.99999999991,1.0858425939803702
443,Node 23,Node 17,Phasing_maneuver,132299.99999999988,1.1236132546501576
444,Node 23,Node 18,Phasing_maneuver,138674.99999999988,1.1597631267310522
445,Node 23,Node 19,Phasing_maneuver,145199.99999999994,1.1944004044738321
446,Node 23,Node 20,Phasing_maneuver,151874.99999999988,1.2276235941935667
447,Node 23,Node 21,Phasing_maneuver,158699.99999999988,1.2595225932850056
448,Node 23,Node 22,Phasing_maneuver,165674.99999999988,1.290179626450385
449,Node 23,Node 24,Orbital_maneuver,1800.0,0.0
450,Node 23,Node 25,Phasing_maneuver,50699.99999999997,0.19856568223405713
451,Node 23,Node 26,Phasing_maneuver,54674.999999999956,0.2869592982026834
452,Node 23,Node 27,Phasing_maneuver,58799.999999999956,0.3691807697857179
453,Node 23,Node 28,Phasing_maneuver,63074.999999999956,0.4458935853689443
454,Node 23,Node 29,Phasing_maneuver,67499.99999999996,0.5176664336479355
455,Node 24,Node 6,Phasing_maneuver,67499.99999999996,0.5176664336479355
456,Node 24,Node 7,Phasing_maneuver,72074.99999999994,0.5849899087546593
457,Node 24,Node 8,Phasing_maneuver,76799.99999999994,0.6482897463905193
458,Node 24,Node 9,Phasing_maneuver,81674.99999999993,0.7079374142938963
459,Node 24,Node 10,Phasing_maneuver,86699.99999999994,0.7642586618981255
460,Node 24,Node 11,Phasing_maneuver,91874.99999999994,0.8175404793115977
461,Node 24,Node 12,Phasing_maneuver,97199.99999999993,0.8680368045843512
462,Node 24,Node 13,Phasing_maneuver,102674.99999999994,0.9159732372940415
463,Node 24,Node 14,Phasing_maneuver,108299.99999999991,0.9615509568480398
464,Node 24,Node 15,Phasing_maneuver,114074.99999999993,1.0049499994615658
465,Node 24,Node 16,Phasing_maneuver,119999.9999999999,1.0463320143169703
466,Node 24,Node 17,Phasing_maneuver,126074.99999999991,1.0858425939803702
467,Node 24,Node 18,Phasing_maneuver,132299.99999999988,1.1236132546501576
468,Node 24,Node 19,Phasing_maneuver,138674.99999999988,1.1597631267310522
469,Node 24,Node 20,Phasing_maneuver,145199.99999999994,1.1944004044738321
470,Node 24,Node 21,Phasing_maneuver,151874.99999999988,1.2276235941935667
471,Node 24,Node 22,Phasing_maneuver,158699.99999999988,1.2595225932850056
472,Node 24,Node 23,Phasing_maneuver,165674.99999999988,1.290179626450385
473,Node 24,Node 25,Orbital_maneuver,1800.0,0.0
474,Node 24,Node 26,Phasing_maneuver,50699.99999999997,0.19856568223405713
475,Node 24,Node 27,Phasing_maneuver,54674.999999999956,0.2869592982026834
476,Node 24,Node 28,Phasing_maneuver,58799.999999999956,0.3691807697857179
477,Node 24,Node 29,Phasing_maneuver,63074.999999999956,0.4458935853689443
478,Node 25,Node 6,Phasing_maneuver,63074.999999999956,0.4458935853689443
479,Node 25,Node 7,Phasing_maneuver,67499.99999999996,0.5176664336479355
480,Node 25,Node 8,Phasing_maneuver,72074.99999999994,0.5849899087546593
481,Node 25,Node 9,Phasing_maneuver,76799.99999999994,0.6482897463905193
482,Node 25,Node 10,Phasing_maneuver,81674.99999999993,0.7079374142938963
483,Node 25,Node 11,Phasing_maneuver,86699.99999999994,0.7642586618981255
484,Node 25,Node 12,Phasing_maneuver,91874.99999999994,0.8175404793115977
485,Node 25,Node 13,Phasing_maneuver,97199.99999999993,0.8680368045843512
486,Node 25,Node 14,Phasing_maneuver,102674.99999999994,0.9159732372940415
487,Node 25,Node 15,Phasing_maneuver,108299.99999999991,0.9615509568480398
488,Node 25,Node 16,Phasing_maneuver,114074.99999999993,1.0049499994615658
489,Node 25,Node 17,Phasing_maneuver,119999.9999999999,1.0463320143169703
490,Node 25,Node 18,Phasing_maneuver,126074.99999999991,1.0858425939803702
491,Node 25,Node 19,Phasing_maneuver,132299.99999999988,1.1236132546501576
492,Node 25,Node 20,Phasing_maneuver,138674.99999999988,1.1597631267310522
493,Node 25,Node 21,Phasing_maneuver,145199.99999999994,1.1944004044738321
494,Node 25,Node 22,Phasing_maneuver,151874.99999999988,1.2276235941935667
495,Node 25,Node 23,Phasing_maneuver,158699.99999999988,1.2595225932850056
496,Node 25,Node 24,Phasing_maneuver,165674.99999999988,1.290179626450385
497,Node 25,Node 26,Orbital_maneuver,1800.0,0.0
498,Node 25,Node 27,Phasing_maneuver,50699.99999999997,0.19856568223405713
499,Node 25,Node 28,Phasing_maneuver,54674.999999999956,0.2869592982026834
500,Node 25,Node 29,Phasing_maneuver,58799.999999999956,0.3691807697857179
501,Node 26,Node 2,Hohmann_transfer,1465029274.069583,6.715312265903345
502,Node 26,Node 6,Phasing_maneuver,58799.999999999956,0.3691807697857179
503,Node 26,Node 7,Phasing_maneuver,63074.999999999956,0.4458935853689443
504,Node 26,Node 8,Phasing_maneuver,67499.99999999996,0.5176664336479355
505,Node 26,Node 9,Phasing_maneuver,72074.99999999994,0.5849899087546593
506,Node 26,Node 10,Phasing_maneuver,76799.99999999994,0.6482897463905193
507,Node 26,Node 11,Phasing_maneuver,81674.99999999993,0.7079374142938963
508,Node 26,Node 12,Phasing_maneuver,86699.99999999994,0.7642586618981255
509,Node 26,Node 13,Phasing_maneuver,91874.99999999994,0.8175404793115977
510,Node 26,Node 14,Phasing_maneuver,97199.99999999993,0.8680368045843512
511,Node 26,Node 15,Phasing_maneuver,102674.99999999994,0.9159732372940415
512,Node 26,Node 16,Phasing_maneuver,108299.99999999991,0.9615509568480398
513,Node 26,Node 17,Phasing_maneuver,114074.99999999993,1.0049499994615658
514,Node 26,Node 18,Phasing_maneuver,119999.9999999999,1.0463320143169703
515,Node 26,Node 19,Phasing_maneuver,126074.99999999991,1.0858425939803702
516,Node 26,Node 20,Phasing_maneuver,132299.99999999988,1.1236132546501576
517,Node 26,Node 21,Phasing_maneuver,138674.99999999988,1.1597631267310522
518,Node 26,Node 22,Phasing_maneuver,145199.99999999994,1.1944004044738321
519,Node 26,Node 23,Phasing_maneuver,151874.99999999988,1.2276235941935667
520,Node 26,Node 24,Phasing_maneuver,158699.99999999988,1.2595225932850056
521,Node 26,Node 25,Phasing_maneuver,165674.99999999988,1.290179626450385
522,Node 26,Node 27,Orbital_maneuver,1800.0,0.0
523,Node 26,Node 28,Phasing_maneuver,50699.99999999997,0.19856568223405713
524,Node 26,Node 29,Phasing_maneuver,54674.999999999956,0.2869592982026834
525,Node 27,Node 6,Phasing_maneuver,54674.999999999956,0.2869592982026834
526,Node 27,Node 7,Phasing_maneuver,58799.999999999956,0.3691807697857179
527,Node 27,Node 8,Phasing_maneuver,63074.999999999956,0.4458935853689443
528,Node 27,Node 9,Phasing_maneuver,67499.99999999996,0.5176664336479355
529,Node 27,Node 10,Phasing_maneuver,72074.99999999994,0.5849899087546593
530,Node 27,Node 11,Phasing_maneuver,76799.99999999994,0.6482897463905193
531,Node 27,Node 12,Phasing_maneuver,81674.99999999993,0.7079374142938963
532,Node 27,Node 13,Phasing_maneuver,86699.99999999994,0.7642586618981255
533,Node 27,Node 14,Phasing_maneuver,91874.99999999994,0.8175404793115977
534,Node 27,Node 15,Phasing_maneuver,97199.99999999993,0.8680368045843512
535,Node 27,Node 16,Phasing_maneuver,102674.99999999994,0.9159732372940415
536,Node 27,Node 17,Phasing_maneuver,108299.99999999991,0.9615509568480398
537,Node 27,Node 18,Phasing_maneuver,114074.99999999993,1.0049499994615658
538,Node 27,Node 19,Phasing_maneuver,119999.9999999999,1.0463320143169703
539,Node 27,Node 20,Phasing_maneuver,126074.99999999991,1.0858425939803702
540,Node 27,Node 21,Phasing_maneuver,132299.99999999988,1.1236132546501576
541,Node 27,Node 22,Phasing_maneuver,138674.99999999988,1.1597631267310522
542,Node 27,Node 23,Phasing_maneuver,145199.99999999994,1.1944004044738321
543,Node 27,Node 24,Phasing_maneuver,151874.99999999988,1.2276235941935667
544,Node 27,Node 25,Phasing_maneuver,158699.99999999988,1.2595225932850056
545,Node 27,Node 26,Phasing_maneuver,165674.99999999988,1.290179626450385
546,Node 27,Node 28,Orbital_maneuver,1800.0,0.0
547,Node 27,Node 29,Phasing_maneuver,50699.99999999997,0.19856568223405713
548,Node 28,Node 6,Phasing_maneuver,50699.99999999997,0.19856568223405713
549,Node 28,Node 7,Phasing_maneuver,54674.999999999956,0.2869592982026834
550,Node 28,Node 8,Phasing_maneuver,58799.999999999956,0.3691807697857179
551,Node 28,Node 9,Phasing_maneuver,63074.999999999956,0.4458935853689443
552,Node 28,Node 10,Phasing_maneuver,67499.99999999996,0.5176664336479355
553,Node 28,Node 11,Phasing_maneuver,72074.99999999994,0.5849899087546593
554,Node 28,Node 12,Phasing_maneuver,76799.99999999994,0.6482897463905193
555,Node 28,Node 13,Phasing_maneuver,81674.99999999993,0.7079374142938963
556,Node 28,Node 14,Phasing_maneuver,86699.99999999994,0.7642586618981255
557,Node 28,Node 15,Phasing_maneuver,91874.99999999994,0.8175404793115977
558,Node 28,Node 16,Phasing_maneuver,97199.99999999993,0.8680368045843512
559,Node 28,Node 17,Phasing_maneuver,102674.99999999994,0.9159732372940415
560,Node 28,Node 18,Phasing_maneuver,108299.99999999991,0.9615509568480398
561,Node 28,Node 19,Phasing_maneuver,114074.99999999993,1.0049499994615658
562,Node 28,Node 20,Phasing_maneuver,119999.9999999999,1.0463320143169703
563,Node 28,Node 21,Phasing_maneuver,126074.99999999991,1.0858425939803702
564,Node 28,Node 22,Phasing_maneuver,132299.99999999988,1.1236132546501576
565,Node 28,Node 23,Phasing_maneuver,138674.99999999988,1.1597631267310522
566,Node 28,Node 24,Phasing_maneuver,145199.99999999994,1.1944004044738321
567,Node 28,Node 25,Phasing_maneuver,151874.99999999988,1.2276235941935667
568,Node 28,Node 26,Phasing_maneuver,158699.99999999988,1.2595225932850056
569,Node 28,Node 27,Phasing_maneuver,165674.99999999988,1.290179626450385
570,Node 28,Node 29,Orbital_maneuver,1800.0,0.0
571,Node 29,Node 6,Orbital_maneuver,1800.0,0.0
572,Node 29,Node 7,Phasing_maneuver,50699.99999999997,0.19856568223405713
573,Node 29,Node 8,Phasing_maneuver,54674.999999999956,0.2869592982026834
574,Node 29,Node 9,Phasing_maneuver,58799.999999999956,0.3691807697857179
575,Node 29,Node 10,Phasing_maneuver,63074.999999999956,0.4458935853689443
576,Node 29,Node 11,Phasing_maneuver,67499.99999999996,0.5176664336479355
577,Node 29,Node 12,Phasing_maneuver,72074.99999999994,0.5849899087546593
578,Node 29,Node 13,Phasing_maneuver,76799.99999999994,0.6482897463905193
579,Node 29,Node 14,Phasing_maneuver,81674.99999999993,0.7079374142938963
580,Node 29,Node 15,Phasing_maneuver,86699.99999999994,0.7642586618981255
581,Node 29,Node 16,Phasing_maneuver,91874.99999999994,0.8175404793115977
582,Node 29,Node 17,Phasing_maneuver,97199.99999999993,0.8680368045843512
583,Node 29,Node 18,Phasing_maneuver,102674.99999999994,0.9159732372940415
584,Node 29,Node 19,Phasing_maneuver,108299.99999999991,0.9615509568480398
585,Node 29,Node 20,Phasing_maneuver,114074.99999999993,1.0049499994615658
586,Node 29,Node 21,Phasing_maneuver,119999.9999999999,1.0463320143169703
587,Node 29,Node 22,Phasing_maneuver,126074.99999999991,1.0858425939803702
588,Node 29,Node 23,Phasing_maneuver,132299.99999999988,1.1236132546501576
589,Node 29,Node 24,Phasing_maneuver,138674.99999999988,1.1597631267310522
590,Node 29,Node 25,Phasing_maneuver,145199.99999999994,1.1944004044738321
591,Node 29,Node 26,Phasing_maneuver,151874.99999999988,1.2276235941935667
592,Node 29,Node 27,Phasing_maneuver,158699.99999999988,1.2595225932850056
593,Node 29,Node 28,Phasing_maneuver,165674.99999999988,1.290179626450385
594,Node 0,Node -1,sink_node,0.0,0.0
595,Node 1,Node -1,sink_node,0.0,0.0
596,Node 2,Node -1,sink_node,0.0,0.0
597,Node 3,Node -1,sink_node,0.0,0.0
598,Node 4,Node -1,sink_node,0.0,0.0
599,Node 5,Node -1,sink_node,0.0,0.0
600,Node 6,Node -1,sink_node,0.0,0.0
601,Node 7,Node -1,sink_node,0.0,0.0
602,Node 8,Node -1,sink_node,0.0,0.0
603,Node 9,Node -1,sink_node,0.0,0.0
604,Node 10,Node -1,sink_node,0.0,0.0
605,Node 11,Node -1,sink_node,0.0,0.0
606,Node 12,Node -1,sink_node,0.0,0.0
607,Node 13,Node -1,sink_node,0.0,0.0
608,Node 14,Node -1,sink_node,0.0,0.0
609,Node 15,Node -1,sink_node,0.0,0.0
610,Node 16,Node -1,sink_node,0.0,0.0
611,Node 17,Node -1,sink_node,0.0,0.0
612,Node 18,Node -1,sink_node,0.0,0.0
613,Node 19,Node -1,sink_node,0.0,0.0
614,Node 20,Node -1,sink_node,0.0,0.0
615,Node 21,Node -1,sink_node,0.0,0.0
616,Node 22,Node -1,sink_node,0.0,0.0
617,Node 23,Node -1,sink_node,0.0,0.0
618,Node 24,Node -1,sink_node,0.0,0.0
619,Node 25,Node -1,sink_node,0.0,0.0
620,Node 26,Node -1,sink_node,0.0,0.0
621,Node 27,Node -1,sink_node,0.0,0.0
622,Node 28,Node -1,sink_node,0.0,0.0
623,Node 29,Node -1,sink_node,0.0,0.0
